Company,Title,Location,Published_At,Application_Deadline
pgi data,front end developer vuejs nux js,Jakarta,21 hours,29 May
pt adicipta inovasi teknologi,data analytics manager,Jakarta Barat,14 days,30 May
pt bfi finance indonesia tbk,data analytic specialist etl,Tangerang,9 days,4 Jun
astra financial,data quality analyst,Central Jakarta,15 days,1 Jul
paperid,senior data engineer,North Jakarta,a month,30 May
pgi data,odoo developer,Jakarta,13 days,29 Jun
sun education group,data entry full timer english,West Jakarta,2 days,29 Jun
phincon,ios developer,Jakarta Selatan,7 days,9 Jun
pt fajar gelora inti,finance manager,Jakarta Pusat,4 days,14 Jun
pt bfi finance indonesia tbk,management trainee dealer financing bali,Denpasar,6 days,4 Jun
perqara,ios developer,Jakarta Selatan,14 days,29 Jul
pt midas daya teknologi,lead quality assurance engineer,Jakarta,2 days,14 Aug
pt mobilitas digital indonesia,b2b commercial sales account,East Jakarta,12 days,4 Jun
home credit indonesia,data governance manager,South Jakarta,7 days,8 Jul
astra credit companies acc,auditor,South Jakarta,6 days,30 Jul
dekoruma,online sales advisor interior,Jakarta Barat,2 days,29 Jun
algoritma,education consultant intern,Jakarta Selatan,9 days,29 Jun
pt prodia widyahusada tbk prodia,it microservices architecture,Central Jakarta,9 days,29 Jun
ati business group,corporate it leader,Central Jakarta,12 days,3 Jul
cyber future forex,business consultant,Jakarta Utara,a month,10 Jul
astra credit companies acc,auditor,South Jakarta,6 days,30 Jul
paperid,senior data analyst,North Jakarta,2 months,30 May
pt royal trust,data entry,South Jakarta,21 hours,30 May
nusantics,inventory analyst contract based,Jakarta Timur,2 days,10 Jul
pt prodia widyahusada tbk prodia,it system cloud administrator,Central Jakarta,9 days,30 Aug
pt global urban esensial,backend developer,South Tangerang,a month,30 Jul
oy indonesia,data warehouse engineer,Jakarta Selatan,14 hours,14 Jul
pt bank central asia tbk,data analyst,Central Jakarta,3 months,12 Dec
pt majoo teknologi indonesia,key account jr executive,Jakarta Selatan,a month,11 Jun
pt alam sutera realty tbk,finance accounting staff pasar kemis kab tangerang,Tangerang,13 days,2 Jul
ogya,oracle dba,Jakarta,15 days,30 Jul
vlink inc,data engineer,Jakarta Selatan,21 days,25 Apr
algoritma,corporate development intern,Jakarta,9 days,29 Jun
pt bank central asia tbk,it asset management staff,Central Jakarta,2 months,30 Dec
astra credit companies acc,credit analyst retail underwriter officer,Yogyakarta,2 months,30 Dec
astra financial,growth campaign,South Jakarta,2 months,25 May
algoritma,operations intern,Jakarta Selatan,9 days,29 Jun
home credit indonesia,data governance manager,South Jakarta,7 days,8 Jul
pt bfi finance indonesia tbk,data engineer,Tangerang,20 days,25 Apr
abhidi solution,servicenow developer,Jakarta Pusat,6 days,9 Jul
pt bank central asia tbk,database engineer,Central Jakarta,a month,8 Dec
pt mastersystem infotama,data platform,Jakarta Pusat,2 days,29 Jun
phincon,android developer,Jakarta Selatan,a month,30 May
jaris k,account executive,Jakarta Selatan,15 days,30 Jun
home credit indonesia,antifraud analytics manager,South Jakarta,7 days,8 Jul
pt bca finance,professional development program technology,South Jakarta,a month,9 Jul
kompas gramedia,accounting project based pt dyandra promosindo,Jakarta Pusat,5 days,30 May
manuva formerly tjetak,brand manager,Central Jakarta,5 days,10 Jul
skintific,beauty product development,Jakarta Selatan,13 days,2 Aug
ntt indonesia technology,client success manager,Jakarta Pusat,6 days,6 Jul
ogya,oracle dba,Jakarta,15 days,30 Jul
pt global urban esensial,growth b2c lead,South Tangerang,13 days,2 Jul
pt sinar mitra sepadan finance smsfinance,hr industrial relation specialist,Jakarta Selatan,14 hours,2 Jul
kanmo group,it development manager,Jakarta Pusat,9 days,6 Jul
finaccel,senior database administrator,South Jakarta,7 days,29 Jun
algoritma,corporate development intern,Jakarta,9 days,29 Jun
algoritma,operations intern,Jakarta Selatan,9 days,29 Jun
adapundi,risk control assistant mandarin speaker,Jakarta Selatan,a month,15 Jun
jaris k,account executive,Jakarta Selatan,15 days,30 Jun
pt midas daya teknologi,it application support,Jakarta,8 days,1 Oct
pt bank central asia tbk,database engineer,Central Jakarta,a month,8 Dec
gits indonesia,sales manager,South Jakarta,9 days,20 Sep
gear inc,quality assurance,Surabaya,2 days,12 Jun
hana bank,data engineer lead,Jakarta Selatan,a month,29 Jun
cyber future forex,business consultant penempatan jakarta selatan,South Jakarta,a month,29 Jul
astra financial,api specialist,Central Jakarta,7 days,30 Jul
pt bank central asia tbk,bca development program it bdp it,Central Jakarta,a month,30 Dec
kraft heinz abc indonesia,area sales manager food service bandung,Bandung,21 days,17 Jun
pt mastersystem infotama,data platform,Jakarta Pusat,2 days,29 Jun
phincon,android developer,Jakarta Selatan,a month,30 May
finaccel,data analyst underwriting,South Jakarta,19 days,30 Aug
anugerah tangkas transportindo group,tax staff,Jakarta Barat,2 days,13 Jul
pt bfi finance indonesia tbk,bfi finance x arkavidia data architect,Tangerang,3 months,29 Dec
pt bfi finance indonesia tbk,bfi finance x arkavidia data engineer,Tangerang,3 months,30 Dec
pt bfi finance indonesia tbk,marketing syariah mojokerto,Mojokerto,7 days,29 Sep
sharon bakery pt multi star rukun abadi,kepala produksi bread crumb,Bandung,2 months,29 May
skintific,brand marketing,Jakarta Selatan,2 months,30 May
icdx,server engineer,Jakarta Pusat,20 days,7 Aug
pt bank central asia tbk,data center system operator facility management,Central Jakarta,6 months,12 Dec
lamudicoid,renewal retentionaccount management,Jakarta,2 months,26 May
pt bfi finance indonesia tbk,central leader,Tangerang,a month,29 May
plaza auto group,customer relation coordinator,Jakarta Selatan,5 days,10 Jul
pt metrodata electronics tbk,technical consultant,Jakarta,a month,11 Jun
intrepid group asia,key account manager,Jakarta Selatan,7 days,29 Jun
astra financial,credit industry specialist,Central Jakarta,a month,22 May
pt berlian sistem informasi,devops sap data analyst bootcamp,Jakarta Timur,3 months,30 May
tomps,business development,Jakarta Selatan,2 months,19 May
pt bfi finance indonesia tbk,risk manager pinjammodal,Tangerang,2 months,21 May
dekoruma,b2b sales manager,Jakarta Barat,a month,3 Oct
pt bfi finance indonesia tbk,field asset management sumbawa,Sumbawa,21 days,30 May
lamudicoid,renewal retentionaccount management,Jakarta,2 months,26 May
doku pt nusa satu inti artha,treasury manager,Jakarta Selatan,a month,16 Jun
pt bfi finance indonesia tbk,central leader,Tangerang,a month,29 May
plaza auto group,customer relation coordinator,Jakarta Selatan,5 days,10 Jul
pt metrodata electronics tbk,technical consultant,Jakarta,a month,11 Jun
intrepid group asia,key account manager,Jakarta Selatan,7 days,29 Jun
astra financial,credit industry specialist,Central Jakarta,a month,22 May
pt berlian sistem informasi,devops sap data analyst bootcamp,Jakarta Timur,3 months,30 May
tomps,business development,Jakarta Selatan,2 months,19 May
pt bfi finance indonesia tbk,risk manager pinjammodal,Tangerang,2 months,21 May
dekoruma,b2b sales manager,Jakarta Barat,a month,3 Oct
pt bfi finance indonesia tbk,field asset management sumbawa,Sumbawa,21 days,30 May
pt indocyber global technology,it quality assurance automation pakuwon tower recruitment center iglo,South Jakarta,a month,30 Dec
finaccel,product manager,South Jakarta,3 months,18 Aug
paperid,system analyst,North Jakarta,a month,8 Jun
pt bfi finance indonesia tbk,asset management tele development specialist,Tangerang,2 days,13 Jul
pt indocyber global technology,golang developer,South Jakarta,2 days,30 Nov
cyber future forex,telemarketer,Jakarta,a month,10 Jun
alodokter,head of corporate sales,Jakarta Selatan,5 days,11 Jun
pt jasa teknologi informasi ibm,package consultant sap scm sd pp,Central Jakarta,8 days,7 Jul
pt bumi amartha teknologi mandiri,data engineer etl,Jakarta Selatan,20 days,24 Aug
marga nusantara jaya,branch administration officer,Jakarta Timur,4 months,30 Dec
dans multi pro,account manager,Jakarta Selatan,9 days,6 Jul
pcs group,it android developer,South Tangerang,2 months,30 May
pt bfi finance indonesia tbk,senior data scientist,Tangerang,14 days,2 Jul
pt bfi finance indonesia tbk,branch operation management,Tangerang,20 hours,14 Jul
pt astra graphia information technology,net developer,Jakarta Pusat,a month,30 Jul
pt dipo star finance,accounting associate,Jakarta Pusat,a month,24 May
pt midas daya teknologi,system analyst,Jakarta,2 months,26 May
kompas gramedia,research assistant contract based universitas multimedia nusantara,Tangerang,a month,30 Dec
anugerah tangkas transportindo group,tax staff,Jakarta Barat,2 days,13 Jul
pt bfi finance indonesia tbk,marketing syariah mojokerto,Mojokerto,7 days,29 Sep
aleph labs,android developer contract based,Jakarta Selatan,6 days,9 Jul
gits indonesia,accounting staff,Bandung,9 days,6 Jul
pt bfi finance indonesia tbk,customer research,Tangerang,a month,12 Jun
pt bfi finance indonesia tbk,business analyst for management internship,Tangerang,21 days,30 May
asuransi astra,it security architect,South Jakarta,9 days,29 Aug
pt laku6 online indonesia,spgspb,Jakarta,a month,11 Jun
taxprime,backend java developer,Jakarta Selatan,7 days,28 May
pt bfi finance indonesia tbk,operational qa data analyst,Tangerang,2 months,28 May
paperid,associate product manager jakarta and malang,North Jakarta,20 days,29 Jun
pt mastersystem infotama,network engineer,Jakarta Pusat,2 days,22 May
pt 8 elements,social media coordinator,Jakarta Barat,2 days,27 Jun
kompas gramedia,data analyst,Central Jakarta,14 hours,29 Jun
paperid,devops engineer jakarta and malang,North Jakarta,13 days,29 Jun
doku pt nusa satu inti artha,treasury manager,Jakarta Selatan,a month,16 Jun
pt bfi finance indonesia tbk,commercial corporate operation,Tangerang,a month,16 Jun
kompas gramedia,data analyst kg media,West Jakarta,a month,11 Jun
kompas gramedia,system engineer information security engineer corp it is,West Jakarta,6 days,30 Jul
taxprime,backend java developer,Jakarta Selatan,7 days,28 May
pt indocyber global technology,it quality assurance automation pakuwon tower recruitment center iglo,South Jakarta,a month,30 Dec
kompas gramedia,data analyst,Central Jakarta,14 hours,29 Jun
pt mastersystem infotama,network engineer,Jakarta Pusat,2 days,22 May
paperid,system analyst,North Jakarta,a month,8 Jun
pt mastersystem infotama,technical solution developer,Jakarta Pusat,2 days,22 May
pt bank mandiri taspen,information technology it security,Jakarta,6 days,25 May
paperid,devops engineer jakarta and malang,North Jakarta,13 days,29 Jun
pt bank central asia tbk,network engineer,Central Jakarta,a month,24 Nov
pt midas daya teknologi,senior business analyst,Jakarta,2 months,27 May
pt bca finance,business analyst digital process automation,South Jakarta,a month,30 May
pt bank central asia tbk,network engineer,Central Jakarta,a month,24 Nov
pt midas daya teknologi,senior business analyst,Jakarta,2 months,27 May
pt bca finance,business analyst digital process automation,South Jakarta,a month,30 May
accenture,sap mm consultant,Central Jakarta,5 months,31 Jul
pt panin daiichi life bancassurance,bancassurance oficer area pluit cengkareng bekasi karawang cikarang,North Jakarta,12 days,3 Jul
pt bank mandiri taspen,internship,Jakarta,21 hours,29 Jun
compascoid,data and product quality assurance,Jakarta Pusat,20 days,25 Jun
paperid,tech lead jakarta and malang,North Jakarta,15 days,29 Jun
pt bfi finance indonesia tbk,customer service branch tasikmalaya,Tangerang,a month,11 Jun
finaccel,qa engineer mobile,South Jakarta,3 months,27 Dec
pt bfi finance indonesia tbk,lead data engineer,Tangerang,a month,11 Jun
pt bumi amartha teknologi mandiri,system analyst,Jakarta Selatan,2 months,28 Jun
andalin,andalin future leader development program,Jakarta Selatan,7 days,29 Aug
hana bank,data analyst,Jakarta Selatan,a month,16 Jun
pt bfi finance indonesia tbk,database analytic utilization,Tangerang,19 days,26 Jun
pt bank central asia tbk,network engineer bahasa mandarin,Central Jakarta,2 months,24 Dec
paperid,product manager jakarta and malang,North Jakarta,21 days,26 Oct
pt bfi finance indonesia tbk,it auditor specialist,Tangerang,a month,15 Dec
compascoid,account executive,Jakarta Pusat,15 days,29 Jul
pt bank central asia tbk,security operations center engineer,Central Jakarta,4 months,11 Dec
pt jasa teknologi informasi ibm,big data administrator,Central Jakarta,a month,9 Aug
pt andalan nusantara teknologi,senior it engineers govdevinf professional trainers,Jakarta Pusat,15 days,14 Jun
gits indonesia,hr compensation benefits,Bandung,9 days,20 Sep
idn media,account manager production house,Jakarta,2 months,29 May
investree,data scientist,Jakarta,a month,30 May
investree,business development manager,Jakarta,14 days,29 Jun
pt adi data informatika,it developer,Jakarta Barat,4 months,12 Dec
pt adi data informatika,ios android developer,Jakarta Barat,a month,10 Jun
kompas gramedia,recruitment analyst,Jakarta Pusat,2 days,19 May
mitech,net developer,Jakarta,a month,7 Dec
paperid,product manager jakarta and malang,North Jakarta,21 days,26 Oct
pt sinar mas digital ventures,operations lead,Bekasi,3 months,22 May
compascoid,account executive,Jakarta Pusat,15 days,29 Jul
pt adi data informatika,quality assurance tester,Jakarta Barat,4 months,30 Jul
pt jasa teknologi informasi ibm,big data administrator,Central Jakarta,a month,9 Aug
pt ionpay networks nicepay,merchant acquisition officer,South Jakarta,8 days,7 Jul
investree,data scientist,Jakarta,a month,30 May
jaris k,it support,Jakarta Selatan,7 days,7 Jul
fifgroup,anti fraud officer,South Jakarta,a month,9 Jun
jaris k,business development staff,Jakarta Selatan,15 days,29 May
yayasan konservasi alam nusantara,project management system specialist,South Jakarta,2 days,30 May
pt asahimas flat glass tbk,purchasing mt staff,Jakarta Pusat,7 days,8 Jul
kraft heinz abc indonesia,business intelligence senior analyst,Jakarta Selatan,a month,8 Jun
pt adi data informatika,it developer,Jakarta Barat,4 months,12 Dec
pt adi data informatika,ios android developer,Jakarta Barat,a month,10 Jun
accenture,sap mm consultant,Central Jakarta,5 months,31 Jul
compascoid,data and product quality assurance,Jakarta Pusat,20 days,25 Jun
marga nusantara jaya,sales administration officer,Jakarta Timur,6 months,30 May
moneta pay,account manager mandarin speaker,Jakarta Barat,5 months,9 Oct
jaris k,senior business development staff,Jakarta Selatan,15 days,30 May
pt bank central asia tbk,cyber security engineer,Central Jakarta,8 months,12 Dec
pcs group,finance accounting and tax supervisor,Jakarta Pusat,14 days,30 Jun
idn media,senior digital strategy associate production house,Jakarta,a month,19 May
pt bfi finance indonesia tbk,marketing syariah,Tangerang,6 days,9 Jul
doku pt nusa satu inti artha,system cloud engineer,Jakarta Selatan,a month,3 Jun
kompas gramedia,pricing officer,West Jakarta,a month,30 May
asuransi astra,account receivable analyst,South Jakarta,20 days,24 Jun
investree,relationship manager,Jakarta Selatan,2 months,17 Mar
pt bumi amartha teknologi mandiri,system analyst,Jakarta Selatan,2 months,28 Jun
pt bank ocbc nisp tbk,digital marketing technology developer,Tangerang,2 months,20 May
doku pt nusa satu inti artha,system cloud engineer,Jakarta Selatan,a month,3 Jun
kompas gramedia,pricing officer,West Jakarta,a month,30 May
asuransi astra,account receivable analyst,South Jakarta,20 days,24 Jun
investree,relationship manager,Jakarta Selatan,2 months,17 Mar
pt bank ocbc nisp tbk,digital marketing technology developer,Tangerang,2 months,20 May
pt bank btpn tbk,mis analytics retail banking,South Jakarta,a month,30 Aug
pt bfi finance indonesia tbk,internship pt bfi finance indonesia tbk,Tangerang,2 months,29 Jun
julo,senior quality assurance engineer,South Jakarta,a month,30 May
pt bfi finance indonesia tbk,mt credit analyst tangerang,Tangerang,2 months,27 May
pt bfi finance indonesia tbk,bfi finance x arkavidia data analyst,Tangerang,3 months,30 Dec
hastari corporation,talent acquisition,Jakarta Selatan,2 days,29 Jun
pt ocean centra furnindo,marketing manager,North Jakarta,a month,6 Jun
pt asuransi allianz life indonesia,software engineer,Jakarta,2 months,29 May
oy indonesia,operations online staff,Jakarta Selatan,a month,8 Jun
renosid,brand communication specialist,Jakarta,a month,4 Jun
waste4change,sales analyst activation,Badung,21 days,30 May
investree,activation community engagement manager,Jakarta,a month,15 Jun
kompas gramedia,talent consultant multimedia nusantara polytechnic,Tangerang,2 months,29 Jun
pt lyrid teknologi nusantara,tech sales,Jakarta Utara,14 days,26 Apr
home credit indonesia,it risk and compliance specialist,South Jakarta,a month,30 May
pt gema mulia semesta souvia,digital marketing lead,Bogor,a month,30 May
pt bfi finance indonesia tbk,human capital data analyst internship,Tangerang,3 months,29 May
pt ocean centra furnindo,digital marketing manager,North Jakarta,a month,14 Jun
pt jasa teknologi informasi ibm,sql database administrator,Central Jakarta,8 days,29 Jun
fifgroup,it mis customer application,South Jakarta,2 months,26 May
dans multi pro,devops engineer,South Jakarta,7 months,9 Sep
pt bfi finance indonesia tbk,human capital internship magang,South Tangerang,3 months,30 May
kraft heinz abc indonesia,customer development leader food service cdl fs tangerang,Tangerang,2 months,19 May
pcs group,staff rekonsiliasi,Jakarta Pusat,21 hours,13 Jul
kraft heinz abc indonesia,distribution development manager sumatera ii,Palembang,a month,9 Jun
finaccel,it support,Central Jakarta,2 days,26 Apr
pt sofco graha,implementation consultant,Jakarta Pusat,2 months,19 May
astra credit companies acc,ux researcher,South Jakarta,20 days,25 Jun
manuva formerly tjetak,senior product manager,Central Jakarta,2 months,30 May
julo,senior quality assurance engineer,South Jakarta,a month,30 May
ntt indonesia technology,etl consultant,South Jakarta,3 months,30 May
tinkerlust,operations administration assistant haarlem home,South Jakarta,21 days,24 Jun
waste4change,sales analyst activation,Badung,21 days,30 May
investree,activation community engagement manager,Jakarta,a month,15 Jun
pt bfi finance indonesia tbk,human capital data analyst internship,Tangerang,3 months,29 May
pt bank central asia tbk,security governance specialist,Central Jakarta,8 months,12 Dec
siloam hospitals group,accounting intern,Tangerang,a month,30 May
pt bfi finance indonesia tbk,human capital internship magang,South Tangerang,3 months,30 May
great giant foods,finance accounting project intern,Central Lampung,4 months,30 Aug
kraft heinz abc indonesia,distribution development manager sumatera ii,Palembang,a month,9 Jun
great giant foods,finance accounting project intern,Central Lampung,4 months,30 Aug
kraft heinz abc indonesia,distribution development manager sumatera ii,Palembang,a month,9 Jun
sharon bakery pt multi star rukun abadi,spv accounting finance,Bandung,a month,4 Jun
pt bank central asia tbk,senior it enterprise architecture,Central Jakarta,8 months,12 Dec
astrapay,product ownership staff,South Jakarta,4 months,18 May
pt bfi finance indonesia tbk,sharia processing analyst,South Tangerang,2 months,30 Dec
andalin,back end developer hybrid,South Jakarta,2 months,30 May
great giant foods,tax nsa jr specialist,Blitar,2 months,31 May
pt bfi finance indonesia tbk,risk collateral product head,Tangerang,5 months,30 May
pt bfi finance indonesia tbk,risk unsecured head,Tangerang,5 months,30 May
astrapay,risk management staff,Jakarta Pusat,4 months,18 May
kompas gramedia,lead digital strategic digital agency,West Jakarta,4 months,16 Jun
great giant foods,hr organizational development internship,Jakarta Pusat,4 months,29 Jun
kompas gramedia,data engineer ecommerce,West Jakarta,10 months,13 Jul
pt bfi finance indonesia tbk,senior credit analyst pinjam modal,Tangerang,10 months,29 May
ntt indonesia technology,network security engineer,Jakarta Pusat,8 months,8 Sep
fifgroup,it planning governance,South Jakarta,9 months,9 Aug
pt bfi finance indonesia tbk,accounting specialist pinjam modal,Tangerang,10 months,8 Jul
pt phintraco technology,project management officer,South Jakarta,2 days,29 Jun
accenture,sap sd consultant,Central Jakarta,3 months,31 Jul
paperid,frontend engineer jakarta and malang,North Jakarta,15 days,29 Jun
cyber future forex,account manager,Jakarta Utara,a month,11 Aug
hana bank,it fullstack developer,South Jakarta,a month,29 Jun
pt berlian sistem informasi,sap functional consultant abaper,East Jakarta,9 days,29 Apr
pt bfi finance indonesia tbk,marketing agency tegal,Tegal,13 days,2 Jul
pt bfi finance indonesia tbk,marketing agency motorcycle poduct meruya,West Jakarta,a month,15 Jun
pt bfi finance indonesia tbk,marketing agency branch karawang,Karawang,6 days,3 Jun
dekoruma,dekoruma designer,Bandung,2 days,30 May
pt bfi finance indonesia tbk,admin magang penempatan denpasar,Denpasar,a month,1 Jun
pt mastersystem infotama,senior cloud engineer,Jakarta Pusat,2 days,22 May
pt berlian sistem informasi,business analyst for it sales business relation,East Jakarta,a month,30 Oct
pt kdb tifa finance tbk,account manager sales marketing balikpapan,Balikpapan,12 days,3 Jul
hangry,backend engineer,Jakarta Barat,2 months,29 May
eatsambel,production manager,Jakarta Barat,a month,15 Jun
pt bank central asia tbk,loan mortgage marketing staff,Central Jakarta,20 days,30 Dec
pt berlian sistem informasi,business analyst contract based,East Jakarta,12 days,3 Jul
pt bfi finance indonesia tbk,field collector bogor cibinong cibubur depok,Bogor,21 days,24 Jun
dans multi pro,fullstack developer,South Jakarta,3 months,13 Oct
pt prodia widyahusada tbk prodia,it unified communication supervisor,Central Jakarta,21 days,18 Jun
pt bank central asia tbk,data analyst,Central Jakarta,3 months,12 Dec
pt mobilitas digital indonesia,business account manager,East Jakarta,a month,4 Jun
pt bfi finance indonesia tbk,management trainee marketing corporate executive,Bandung,2 months,30 Jun
akseleran,corporate finance executive,Jakarta Pusat,a month,16 Jun
pt bfi finance indonesia tbk,collection penagihan branch cikampek,Karawang,a month,18 Jun
fifgroup,it applications,South Jakarta,a month,10 Jun
ogya,php developer,Jakarta,21 hours,13 Jul
pt bumi amartha teknologi mandiri,mobile developer,Jakarta Selatan,20 hours,30 Dec
kelas pintar,regional head jawa barat,Jakarta Selatan,2 days,26 May
pt kdb tifa finance tbk,account manager sales marketing balikpapan,Balikpapan,12 days,3 Jul
pt bca finance,professional development program strategy,South Jakarta,a month,9 Jul
eatsambel,production manager,Jakarta Barat,a month,15 Jun
pt berlian sistem informasi,business analyst contract based,East Jakarta,12 days,3 Jul
pt bank central asia tbk,loan mortgage marketing staff,Central Jakarta,20 days,30 Dec
dekoruma,sr graphic designer,Jakarta Barat,21 days,19 Jun
icdx,server engineer,Jakarta Pusat,20 days,7 Aug
pt alam sutera realty tbk,sales property,Tangerang,2 months,30 Dec
dans multi pro,back end developer,South Jakarta,2 months,17 Mar
kompas gramedia,store superintendent gramedia samarinda,Samarinda,20 days,30 May
pt bfi finance indonesia tbk,agency relation sumbawa,Sumbawa,12 days,28 Jun
akseleran,corporate finance executive,Jakarta Pusat,a month,16 Jun
bank muamalat,muamalat associate program map consumer,Jakarta Selatan,8 days,29 Jun
surya artha nusantara finance,account maintenance officer,South Jakarta,9 days,16 Aug
asuransi astra,section head health claim,South Jakarta,21 days,31 May
schoters,data analyst,South Jakarta,8 days,3 Jul
pt bca finance,professional development program business marketing,South Jakarta,a month,9 Jul
pt bfi finance indonesia tbk,marketing agency salatiga,Salatiga,15 days,30 May
manuva formerly tjetak,trade marketing associate,Central Jakarta,9 days,15 Jun
pt inmotion inovasi teknologi,technical consultant,Central Jakarta,a month,30 Dec
tomps,business development,Jakarta Selatan,2 months,19 May
pt bfi finance indonesia tbk,risk manager pinjammodal,Tangerang,2 months,21 May
bussan auto finance,management development program collection analytic,Jakarta Selatan,2 months,14 Jul
pt bfi finance indonesia tbk,marketing relation executive branch bogor,Bogor,2 months,30 May
pt asahimas flat glass tbk,maintenance electrical ast dept manager,Sidoarjo,7 days,8 Jul
pt kliring penjaminan efek indonesia kpei,staf unit dukungan aplikasi,Jakarta Selatan,5 days,18 May
mall artha gading,it programmer,Jakarta Utara,5 days,10 Jun
oy indonesia,data warehouse engineer,Jakarta Selatan,14 hours,14 Jul
kodehive,it account executive,Jakarta Selatan,2 days,22 May
fifgroup,it auditor staff,Jakarta Selatan,15 hours,14 Jul
dekoruma,sr business development dekoruma property,Jakarta Barat,6 days,8 Jul
pt bfi finance indonesia tbk,branch operation management,Tangerang,20 hours,14 Jul
pt bfi finance indonesia tbk,marketing agency penempatan surabaya,Surabaya,2 days,13 Jun
pt bfi finance indonesia tbk,marketingcmo syariah jakarta utara,Tangerang,6 days,30 Aug
kompas gramedia,education coordinator aceh,Banda Aceh,19 hours,14 Jul
kompas gramedia,store supervisor gramedia bali,Denpasar,a month,29 Jun
sharon bakery pt multi star rukun abadi,kepala produksi bread crumb,Bandung,2 months,29 May
doku pt nusa satu inti artha,software quality assurance manager,Jakarta Selatan,a month,30 May
bank muamalat,operation supervisor berau sub branch samarinda,Berau,8 days,6 Jun
pt bank mega tbk,young financial academy school of banking yfa,South Jakarta,13 days,14 Jun
pt alam sutera realty tbk,training specialist,Tangerang,13 days,29 Jun
skintific,brand marketing,Jakarta Selatan,2 months,30 May
nexa,tax specialist,Semarang,9 days,6 Jul
pt prima vista solusi,android developer,Jakarta Selatan,2 months,17 May
pt berlian sistem informasi,senior network engineer,Jakarta Timur,a month,31 Jul
icdx,server engineer,Jakarta Pusat,20 days,7 Aug
pt bfi finance indonesia tbk,marketing agency branch subang,Subang,21 days,18 Jun
pt alam sutera realty tbk,sales property,Tangerang,2 months,30 Dec
dans multi pro,back end developer,South Jakarta,2 months,17 Mar
kompas gramedia,store superintendent gramedia samarinda,Samarinda,20 days,30 May
pt bfi finance indonesia tbk,agency relation sumbawa,Sumbawa,12 days,28 Jun
pt bfi finance indonesia tbk,collection penagihan branch kab kuningan,Kuningan,a month,30 May
pt 8 elements,social media coordinator,Jakarta Barat,2 days,27 Jun
bank muamalat,muamalat associate program map consumer,Jakarta Selatan,8 days,29 Jun
pt bank central asia tbk,it human capital specialist organizational development,Central Jakarta,2 months,30 Dec
kelas pintar,regional head jawa barat,Jakarta Selatan,2 days,26 May
pt bfi finance indonesia tbk,field collector bandung cimahi tasikmalaya majalengka,Bandung,16 days,27 Jul
kompas gramedia,education coordinator kalimantan utara,Bulungan,2 months,28 May
lamudicoid,renewal retentionaccount management,Jakarta,2 months,26 May
dekoruma,project managercoordinator palembang jkt,Jakarta Barat,7 days,3 Jun
lamudicoid,renewal retentionaccount management,Jakarta,2 months,26 May
pt idstar cipta teknologi,sap advanced business application programming abap developer,South Jakarta,2 months,22 May
pt metrodata electronics tbk,technical consultant,Jakarta,a month,11 Jun
plaza auto group,customer relation coordinator,Jakarta Selatan,5 days,10 Jul
intrepid group asia,key account manager,Jakarta Selatan,7 days,29 Jun
pt bumi amartha teknologi mandiri,net developer,Jakarta Selatan,19 hours,14 Jul
siscom erp software,accounting product trainer,Jakarta Barat,a month,27 May
adapundi,risk control assistant mandarin speaker,Jakarta Selatan,a month,15 Jun
astra financial,credit industry specialist,Central Jakarta,a month,22 May
pt astra graphia information technology,sap consultant sap basis fico mm sd hr,Jakarta Pusat,9 days,27 Jun
pt bfi finance indonesia tbk,central leader,Tangerang,a month,29 May
pt bfi finance indonesia tbk,supervisor agency mobil tulungagung,Tulungagung,a month,11 Jun
doku pt nusa satu inti artha,it security analyst,Jakarta Selatan,a month,4 Jun
aleph labs,it qa tester contract based,Jakarta Selatan,2 months,29 Jun
pt bfi finance indonesia tbk,marketing agency bandung cimahi tasikmalaya majalengka,Bandung,a month,10 Jun
pt bfi finance indonesia tbk,marketing internship bogor cibinong depok cibubur jakarta selatan pamulang,Tangerang,a month,13 Jun
simbadda group,junior graphic designer,Jakarta,2 months,30 May
sehatq,backend developer,Central Jakarta,14 days,29 Jun
pt dipo star finance,accounting associate,Jakarta Pusat,a month,24 May
paperid,backend engineer jakarta and malang,North Jakarta,15 days,29 Jun
magna solusi indonesia,it business analyst,Jakarta Selatan,13 days,1 Jul
kompas gramedia,program management officer contract based multimedia nusantara polytechnic,Tangerang,8 days,30 Jul
dekoruma,b2b sales manager,Jakarta Barat,a month,3 Oct
pt bank central asia tbk,project management office project liaison,Central Jakarta,2 months,24 Dec
lamudicoid,client solutions manager acquisition,Jakarta,2 months,22 May
pt bank central asia tbk,relationship manager corporate banking,Central Jakarta,2 months,11 Dec
pt bfi finance indonesia tbk,field asset management sumbawa,Sumbawa,21 days,30 May
pt intikom berlian mustika,sales specialist,Jakarta Selatan,2 months,30 May
pt bfi finance indonesia tbk,marketing internship jakarta selatan,Tangerang,a month,16 Jun
pt berlian sistem informasi,it product management,Jakarta Timur,3 months,19 Sep
pt berlian sistem informasi,senior network engineer,Jakarta Timur,a month,31 Jul
pt indocyber global technology,it quality assurance automation pakuwon tower recruitment center iglo,South Jakarta,a month,30 Dec
pt bank btpn tbk,it development program chip 11,South Jakarta,a month,30 Jul
finaccel,product manager,South Jakarta,3 months,18 Aug
pt bfi finance indonesia tbk,negosiator penagihan branch solo,Surakarta,a month,30 May
paperid,system analyst,North Jakarta,a month,8 Jun
pt bfi finance indonesia tbk,collection penagihan branch cikampek,Karawang,a month,18 Jun
plaza subaru,subaru consultant,Tangerang Selatan,3 months,30 May
dekoruma,drafter intern surabaya,Surabaya,21 hours,27 May
cyber future forex,telemarketer,Jakarta,a month,10 Jun
pt asahimas flat glass tbk,mechanical engineer,Purwakarta,7 days,8 Jul
pt gema mulia semesta souvia,sales officer,Bogor,6 days,9 Aug
pt kliring penjaminan efek indonesia kpei,staf unit analisis risiko,Jakarta Selatan,5 days,18 May
alodokter,head of corporate sales,Jakarta Selatan,5 days,11 Jun
plaza auto group,service advisor,Jakarta Selatan,5 days,10 Jul
